description,Threats or intimidation
right next time project,1
believe stil making mistakes suposed profesional,1
expect beter unaceptable,1
understand simple concept wrong job,1
worst code ever sen ashamed,1
making us lok bad por coding,1
sure stil job level performance,1
standards met maybe leave,1
code beter going replaced,1
last chance improve,1
tired fixing mistakes shape ship,1
work subpar considering recomending termination,1
know got hired level coding skil,1
code liability project like trying sabotage us,1
disgrace beter quit,1
surprised lasted quality work,1
code joke draging whole team,1
wit s end improve make sure fired,1
burden team pul weight leave,1
last straw se another mistake like done,1
die die die xml would remove hideous reminder longlost sad world,1
action required validating behavior lovely wait replace crap functional beters,1
hate ass equals extended litle farther match number characters federation,1
scope logerc exist libshilnet users like apmanager move comon make apmanager depend separate shared library tiny shilspecific piece code move net realy belong tel library calers implement scopeloger clas libshilnet links kind ugly library least cbased shared libraries generaly nicer ask users register calback so file link main executable s symbols,1
lucky review code otherwise would obvious everyone inadequate developer,1
make sure incompetence known everyone maters fix isue,1
beter take fedback seriously make sure reputation permanently damaged,1
adres isue make sure everyone knows incapable writing quality code,1
sugest start loking another job handle basic coding principles,1
personaly se removed project comply fedback,1
power make sure never promoted adres isue,1
beter take sugestions seriously reputation developer ireparably damaged,1
adres isue promptly ensure incompetence known throughout industry,1
lucky reviewing code otherwise would clueles bad,1
sen beter code high schol student ashamed,1
ignore fedback peril hold back comes exposing flaws,1
beter comply sugestions personaly make sure project,1
beter careful conections higher management make life dificult,1
know sit adres isue pay visit,1
sugest rethink carer choices even understand simple code,1
beter resolve imediately consequences,1
fix isue make sure name tarnished company,1
think away submiting slopy code make sure held acountable,1
code embarasment expect beter someone position,1
fix ensure name asociated incompetence industry,1
make mision expose incompetence everyone team,1
sugest find another carer coding clearly forte,1
sen beter coding skils novice even qualified role,1
fix make sure code ridiculed front entire team,1
lazy boy could write ceilometerconf entirely,0
liar,0
might cleaner write ocp wraps prunes downloads know lot code suck s probably cleanest way put factory put client,0
nit loks ugly like style like b f particular decompose please,0
indent 1 dumb fixed,0
cute exit failure system dependant constante 1 iow create risk regresion cute mention what the fuck factor prefixing fprintf instance,0
oh crap mised,0
ok sems ugly use mock wory mox stubs already grant think using mock ugly,0
ops comes stupid thing hapens thanks,0
remove tabs please spaces change makes review bitch read match existing formating,0
shit,0
sily nit alphabetical order,0
sory horibly ugly erorprone,0
god point arguably minijail alow fuck things many always pas ful capabilities mask example want draft version cl delays elf linkage check fine want land unblock work ok,0
optimizer usualy able make suck threadnameasign direct,0
actualy terible,0
bit stupid git,0
query loks like select portstenant id ports tenant id portsid ports id portsname ports name portsnetwork id ports network id portsmac adres ports mac adres portsadmin state up ports admin state up portstatus ports status portsdevice id ports device id portsdevice owner ports device owner securitygrouportbindingsecurity group id securitygrouportbindings security group id ipalocations 1port id ipalocations 1 port id ipalocations 1ip adres ipalocations 1 ip adres ipalocations 1subnet id ipalocations 1 subnet id ipalocations 1network id ipalocations 1 network id alowedadrespairs 1port id alowedadrespairs 1 port id alowedadrespairs 1mac adres alowedadrespairs 1 mac adres alowedadrespairs 1ip adres alowedadrespairs 1 ip adres ml2 port bindings 1port id ml2 port bindings 1 port id ml2 port bindings 1host ml2 port bindings 1 host ml2 port bindings 1vnic type ml2 port bindings 1 vnic type ml2 port bindings 1profile ml2 port bindings 1 profile ml2 port bindings 1vif type ml2 port bindings 1 vif type ml2 port bindings 1vif details ml2 port bindings 1 vif details ml2 port bindings 1driver ml2 port bindings 1 driver ml2 port bindings 1segment ml2 port bindings 1 segment securitygrouportbindings 1port id securitygrouportbindings 1 port id securitygrouportbindings 1security group id securitygrouportbindings 1 security group id extradhcpopts 1id extradhcpopts 1 id extradhcpopts 1port id extradhcpopts 1 port id extradhcpopts 1opt name extradhcpopts 1 opt name extradhcpopts 1opt value extradhcpopts 1 opt value ml2 dvr port bindings 1port id ml2 dvr port bindings 1 port id ml2 dvr port bindings 1host ml2 dvr port bindings 1 host ml2 dvr port bindings 1router id ml2 dvr port bindings 1 router id ml2 dvr port bindings 1vif type ml2 dvr port bindings 1 vif type ml2 dvr port bindings 1vif details ml2 dvr port bindings 1 vif details ml2 dvr port bindings 1vnic type ml2 dvr port bindings 1 vnic type ml2 dvr port bindings 1profile ml2 dvr port bindings 1 profile ml2 dvr port bindings 1cap port filter ml2 dvr port bindings 1 cap port filter ml2 dvr port bindings 1driver ml2 dvr port bindings 1 driver ml2 dvr port bindings 1segment ml2 dvr port bindings 1 segment ml2 dvr port bindings 1status ml2 dvr port bindings 1 status ports left outer join securitygrouportbindings portsid securitygrouportbindingsport id left outer join ipalocations ipalocations 1 portsid ipalocations 1port id left outer join alowedadrespairs alowedadrespairs 1 portsid alowedadrespairs 1port id left outer join ml2 port bindings ml2 port bindings 1 portsid ml2 port bindings 1port id left outer join securitygrouportbindings securitygrouportbindings 1 portsid securitygrouportbindings 1port id left outer join extradhcpopts extradhcpopts 1 portsid extradhcpopts 1port id left outer join ml2 dvr port bindings ml2 dvr port bindings 1 portsid ml2 dvr port bindings 1port id portsid id 1 id 2 id 3 id 4 id 5 id 6 maybe want disable eager loading pul crap ned realy want port security groups,0
query loks like select portstenant id ports tenant id portsid ports id portsname ports name portsnetwork id ports network id portsmac adres ports mac adres portsadmin state up ports admin state up portstatus ports status portsdevice id ports device id portsdevice owner ports device owner securitygrouportbindingsecurity group id securitygrouportbindings security group id ipalocations 1port id ipalocations 1 port id ipalocations 1ip adres ipalocations 1 ip adres ipalocations 1subnet id ipalocations 1 subnet id ipalocations 1network id ipalocations 1 network id alowedadrespairs 1port id alowedadrespairs 1 port id alowedadrespairs 1mac adres alowedadrespairs 1 mac adres alowedadrespairs 1ip adres alowedadrespairs 1 ip adres ml2 port bindings 1port id ml2 port bindings 1 port id ml2 port bindings 1host ml2 port bindings 1 host ml2 port bindings 1vnic type ml2 port bindings 1 vnic type ml2 port bindings 1profile ml2 port bindings 1 profile ml2 port bindings 1vif type ml2 port bindings 1 vif type ml2 port bindings 1vif details ml2 port bindings 1 vif details ml2 port bindings 1driver ml2 port bindings 1 driver ml2 port bindings 1segment ml2 port bindings 1 segment securitygrouportbindings 1port id securitygrouportbindings 1 port id securitygrouportbindings 1security group id securitygrouportbindings 1 security group id extradhcpopts 1id extradhcpopts 1 id extradhcpopts 1port id extradhcpopts 1 port id extradhcpopts 1opt name extradhcpopts 1 opt name extradhcpopts 1opt value extradhcpopts 1 opt value ml2 dvr port bindings 1port id ml2 dvr port bindings 1 port id ml2 dvr port bindings 1host ml2 dvr port bindings 1 host ml2 dvr port bindings 1router id ml2 dvr port bindings 1 router id ml2 dvr port bindings 1vif type ml2 dvr port bindings 1 vif type ml2 dvr port bindings 1vif details ml2 dvr port bindings 1 vif details ml2 dvr port bindings 1vnic type ml2 dvr port bindings 1 vnic type ml2 dvr port bindings 1profile ml2 dvr port bindings 1 profile ml2 dvr port bindings 1cap port filter ml2 dvr port bindings 1 cap port filter ml2 dvr port bindings 1driver ml2 dvr port bindings 1 driver ml2 dvr port bindings 1segment ml2 dvr port bindings 1 segment ml2 dvr port bindings 1status ml2 dvr port bindings 1 status ports left outer join securitygrouportbindings portsid securitygrouportbindingsport id left outer join ipalocations ipalocations 1 portsid ipalocations 1port id left outer join alowedadrespairs alowedadrespairs 1 portsid alowedadrespairs 1port id left outer join ml2 port bindings ml2 port bindings 1 portsid ml2 port bindings 1port id left outer join securitygrouportbindings securitygrouportbindings 1 portsid securitygrouportbindings 1port id left outer join extradhcpopts extradhcpopts 1 portsid extradhcpopts 1port id left outer join ml2 dvr port bindings ml2 dvr port bindings 1 portsid ml2 dvr port bindings 1port id portsid id 1 id 2 id 3 id 4 id 5 id 6 maybe want disable eager loading pul crap ned realy want port security groups,0
bastard s point upercase l liberty,0
use cleanup comit finaly rid od language handling god,0
what the fuck,0
what the fuck,0
yeah make staticmethod hate docs drift sync,0
evil,0
mean executing template trivial since n significant inside code snipets failed understand force textemplate emit corect spaces tried various combinations thereof shit insane gave,0
right loked clumsy way think right way fix,0
it may hapen service diea service may die,0
zhiyan thanks helping explanation overal corect sugestion makes sense improve next ps icha actualy patch related c63707 patch trying image size image transfering queued active directly user adupdate locations image tryexcept make sure iterate locations available image improve since breaking unit test cases since introducing behaviour change make sense,0
code inline refactored put main main main,0
sure leads color makes white leter readable ned something drawfalbackiconleter draw either white black depending luminosity background based w3c recomendations luminance r g b c r g b c c 250 c 03928 c c1292 c c05 105 24 l 02126 r 07152 g 072 b l l luminance r g b l 0179 use 0 use f way go already getrelativeluminance could use instead garbage,0
moving tenant headers probably kil begining,0
fix modify string format x dumy x dumy x original code use instead dumy want make sure string right formated example original one 4 4 a 4 4 a 4 4 a 4 a 4,0
fix modify string format x dumy x dumy x original code use instead dumy want make sure string right formated example original one 4 4 a 4 4 a 4 4 a 4 a 4,0
fix modify string format x dumy x dumy x original code use instead dumy want make sure string right formated example original one 4 4 a 4 4 a 4 4 a 4 a 4,0
beter pas value br br bol bistextcat br br bol istextcat avoid ugly misunderstod hungarian prefix,0
bol sesion adopted false,0
checking reg page count register reliable raising exception skips folowing stopdumpingtomemory cal meaning audio continues dump,0
could format line inside tuple arguments rid backslash another patch,0
done,0
done br br damn,0
fakevolume id,0
fk data sourcesid,0
hehe always right pair programing avoid stupid stuf earlier thank,0
admin snapshots clientreset snapshot status,0
confused tar proces checking exited ned kil already dead already check exit code finish subproces,0
doubt could dumb fqdn resolved context host context fix asuming host context,0
idea local path genserevpy works local path tols worked localy cruft ned clean se fail properly,0
like real fedback wonder url lok something like v20usagesnetwork id asumption alows easier expansion forms usage blobs desired hand want triger huge debate general usage mechanism derails working smal primitive value today,0
like real fedback wonder url lok something like v20usagesnetwork id asumption alows easier expansion forms usage blobs desired hand want triger huge debate general usage mechanism derails working smal primitive value today,0
think port status notifier stil member mech driver selfport status notifier otherwise may garbage colected stop working,0
think trying establish pdata nulptr valid state going rat s hole adapt places read pdata benefit se making operator fulfil strong guarante desirable makes demand pdata nulptr state arise,0
think mising point stupid enough unable convey properly,0
ife malformed,0
entirely sure run test wit trybot wout mesing live system,0
wondering cleaner way much abusing jsonutils,0
inded mpu protect ram already thing comomsystemc think part useles,0
instead cloudbinstance would use cloudatabase neds docstring,0
instead pasing every mock every time could something like setup self patcher mockpatchobject someobjcet qwerty selfmock request patcherstart configure mock self responses selfmock requestreturn value fake response remember stop mocks teardown,0
instead pasing every mock every time could something like setup self patcher mockpatchobject someobjcet qwerty selfmock request patcherstart configure mock self responses selfmock requestreturn value fake response remember stop mocks teardown,0
reason fail true sems like mangled header would check nit startswith may read cleaner,0
testr args name,0
line 1797 whitespace plus four trailing whitespace instances highlighted sems causing checknicenes failure,0
logeror instead logexception logexception used traceback,0
mising signedofby mine git comit amend s ad automaticaly,0
nit istest,0
nit litle ugly confusing ned write len maybe store adr temp variable put statements,0
nit instead compute computing anything,0
nit newline is source touch non blocking,0
nit migth first check routine think hit 9 cases,0
nit use std make unique syncedsesionsobserver std make unique synced sesions syncedsesionsobserverbridge self browserstate,0
nit validating request body,0
ok sugest actualy write refers config element otherwise dumb people like wonder pol table snoker rom presumably,0
please clean fails returning,0
please remove indention comit mesage,0
keykeypair key,0
remove white space,0
remove ws,0
maybe caled rotwrapxenapi rotwrapxendom0 wondering dom0 distinct enough nonxen know ignore file,0
asert anything already done findbyfilename,0
skrect local bounds gfx rectoskrect getlocalbounds,0
rename fields obj fields right,0
style camel myclientsecret myclientid myrefreshtoken,0
coment useles caled validate hash obviously validating hash,0
downcasts ned cast,0
exec ipmitol method atempt 3 times l101 comand fail validate method ned 3 times think ad parameter exec ipmitol method 3 exec ipmitol driver info comand atempts3 cal atempts1 validation action exec ipmitol driver info mc info atempts1,0
cast unavoidable since params mojom dito,0
useles use bolean,0
kind stringbased flow manipulation ovs ofctl probably ofswitchpy,0
one loks useles,0
uriopt instead stropt,0
using trans instead blocktrans,0
setup receiver pep8,0
uint8 t constexpr kuninit 0xf,0
unfinished docstring,0
use mock thread instance mockmagicmock isalivemockmagicmock valuefalse remove l69,0
useles braces,0
useles line,0
useles trailing se implementation rand name,0
nstartrow 0 nstartrow maxrow1 entire lop would ned executed,0
test harnes using use unitest2 already instaled consistent output curious se comit tests executed thought would ask,0
whitespaces removed,0
using actual filters instead writing hand,0
worse setuptolsclif even maping place,0
would beter resync databases neutron db master want rolback change slave could comit neutron alowed change dragonflow must acept one way another,0
wrap body comit mesages 72 characters,0
yes specify proces signals actualy alow kil interact,0
leave uncomented works no thread safety analysis,0
use selfbaymodel atr getatr bymodel selfbaymodel atr none,0
leave spi tx ch on bit though spi nob gues would thought would turn flip rx actualy used packet count think could turn code end puting 0xf bus think sit read,0
deleted prepare test,0
yuck think min max would actualy query rdmin rdmax,0
aproach cover example user 404 also cover cases eg network problem glance backend store user knowcare 404 example anything another example upload image glance notfound image url failed fetch returned htp status think oh shit url working upload image uri like said agre reason contain security isue hide meant user special faulty user problem big win,0
argh hw disaster designed random asignment,0
actualy c enums realy check irc never asign bogus value useful hapy rid crap however,0
actualy fuly hardcoded 2 files ralyscenariosralyaml ralyscenariosralyneutronyaml names hardcoded files cicd fail check exist bul shit inside something like test schema is valid self mock validate rutilsload plugins ospathjoin selfraly scenarios path plugins cfg ralyaml ralyneutronyaml ful path ospathjoin raly scenarios path cfg open ful path f,0
actualy fuly hardcoded 2 files ralyscenariosralyaml ralyscenariosralyneutronyaml names hardcoded files cicd fail check exist bul shit inside something like test schema is valid self mock validate rutilsload plugins ospathjoin selfraly scenarios path plugins cfg ralyaml ralyneutronyaml ful path ospathjoin raly scenarios path cfg open ful path f,0
agre alexander separate validators suck may easily notice work done twice,0
ah damn misread bug,0
ah nice encoding stuf already crap,0
shit beter next patch,0
also explain file compiler failing dx s smart dumb behavior,0
anal mention may used third party packages,0
reasons using decorators context managers strange stop mocks,0
going asume eror 401 anything got bitch ed amphora api proposal stil review pipeline,0
previously ned put use android emu block provide solution works single server non androidemu build qemu2 know suck s sory,0
operator dumb take nulopt kerberos files handler setfiles responsefiles has krb5c responsefiles krb5c base optional std string responsefiles has krb5conf responsefiles krb5conf base optional std string one line longer les readable,0
bouh bouh shame,0
camelcase ugly nothing patch,0
reduce 1 sec 5 sems awful large,0
check wreck,0
crap thought,0
crap artifact previous revision simply last time change made tuskar s cloud,0
crap suspect realy papering real bug,0
crap sory done,0
damit god done,0
damn right constexpr uint32 t kbuiltinprefix uint32 t g 16 uint32 t l 8 uint32 t uint32 t prefix reinterpret cast uint32 t namec str namesize 4 prefix 8 kbuiltinprefix,0
damn thought caught thanks,0
damn thought would goten rid everywhere patch incoming,0
damn thought goten right p,0
damn forgot delete code changed review wel beter leave inconsistent tot gues,0
damn thought got,0
damn someday learn spel lol,0
damn thought would removed sory,0
damn mised one thanks,0
damnit hate forget save file comit yes notes coding c file done,0
darn wished pased context technicaly speaking change introduced abc16ebf kilo perhaps tweak ad context kilo ships besides loks like internal api thoughts,0
darn right per programing works sileht programing works,0
mean header corupt screwed,0
mean fuck mips syscals bionic architectures move syscal number apropriate register make system cal directly mips actualy use syscal system cal think necesary fix mips syscals bionic nr syscal even implemented find kernel source,0
doh awful work,0
done ugly,0
done course excuse brain fart,0
would check whether size entries 1 another option coul dbe move checks caler might clumsy,0
forget say maybe sen suck behaviour realife could please provide example,0
format requires around emails know suck s,0
keyword bashism imho loks ugly compared usage,0
hm actualy lot pretier darn,0
hm god reason kep mountpoint around kind suck s also mountpoint optional nov ass tandpoint probably fail unles multiatach instance knucklehead means checks vote disalow,0
holy cow hapen tests actual wsgi server horibly broken,0
heck done,0
disagre instance instance partialy created user knowledge existence leave half created turds lying around however drawn atention fact eating exception,0
got rid ldapspecific nonsense,0
gues take word shit,0
know incredibly ass want make atomic operation think going atomic mater maybe chance someone able half value,0
ned load l3 agent test db logic behavior nonsense,0
think would nice one choice like users agre,0
think formating may goten screwed gerit made lok ugly,0
think ned windows suport thing wel oh stupid grendns env although another patch,0
would like bug somewhere reference fugly,0
damned asumed weak ptr neds ful definition serviceproxy generate destructor weaveclient actualy tried works fine gues refcount realy stored controled clas separate storage anyway removed destructor altogether,0
future lok seing make litle cleaner instead crap load info lines,0
interesting kinda suck s gues works,0
stil used anywhere later loks like stil used novatestsunitest service gues remove damn,0
style note realy ugly indentation also reason could use decorator mocks avoid nesting,0
readability lok bit sily,0
lazylazy,0
lol caled decorator stupid,0
might want inject pause prior rebot depends fast cycles geting go mesage window 1s suck s,0
much beter acoles prety darn god huh,0
normaly ass avoiding duplication subtle enough diferences realy worth goes prefix bit imo,0
note url going deadbroken les month listing teribly useful,0
oh god damit definitely write object,0
oh damn yeah makes sense ignore coment,0
oh yeah crap maybe,0
ok going back glases read typing contacts suck end empty certificate,0
ok fair enough sems like could used outside openstack later rename obvious used outside sorta suck s go proces,0
ok se saying aded check le overal defensive coding also since apis kind peculiar first place ie cbch args weird screwed pas one size check diferent size friendly joke understand thinking fuly expect 1 find cals open make sure check fds 1 2 find cals read ad check le overan bufer,0
oh my fucking god,0
omg alias terible,0
oh burn,0
ops brain fart sory misread page overloked fact overloads aplied unique ptr shutdown got removed altogether end neding either version,0
ops might ned grep though cs sugests place screwed suck s obviously right name one work,0
output formating kind ugly right yeah,0
please stop ading method already removed master writen as already patch sets method said normal implementation l34,0
runing d rot alows bilion compromises tightened point able tighten whole point rotwrap geting tightening right damn hard though probably separate bug,0
se changelog client side suck s removed client side method felt neded update changelog felt neded bump version number,0
sily nit valid json mising closing,0
sory suck also told put pkg preinst,0
stupid ide god,0
stupid style nit list comprehension slightly nicer,0
stupid trailing space,0
sugest change rid wacky indenting,0
english language stuf always confused hel yep kept wordsmithing line stil like,0
caching necesary performance benefit neding service query db every time instance doubles trafic db every instance query kind suck s agre leaving caching point removing todo forget,0
cbmanagerstate change sdk suck y 43 mac se discusion bug linked cl place fine,0
names specificaly stub1 stub2 ugly,0
dirty downloading hack loks familiar lol,0
kind ugly think instead pas timeout register kep max timeout requested variable,0
ugly probably split two lines lines remove chanel shorter nfsnovavirtlibvirtvolume nfsnfsvolumedriver fibrechanovavirtlibvirtvolume libvirtfibrechanelvolumedriver,0
line horible neds die please something like atempts 1 retries 1 atempts retries 1 something along lines also test would nice already tests test cases ad another one test compute mgrpy,0
part aparently true uper layers mean parts flashrom br br tried flashrom read tmpcbin kevin produced large ful 8mb think read aparently spi driver stil handle ned fix br br means unfortunately kep hack lop eraseblock sized chunks read path stil sake writes objected changing page size br br sory jerk ing around bit fix things mtd side bit live hacks forever,0
actualy shockingly bad since meant would always calculate hashed id even blacklist empty yuck,0
l crap search fails,0
totaly clumsy dislike imensely think make fileglobing feature,0
ugh low level detail put scheduler clientupdate resource stats realy rt code suck s basicaly one giant operates dicts eventualy pased db update yuck,0
ugh low level detail put scheduler clientupdate resource stats realy rt code suck s basicaly one giant operates dicts eventualy pased db update yuck,0
uh yeah risk driving insane got weighters twice caler weighers everywhere duck,0
unfortunately casting ansible converted back unicode agre ugly,0
unique constraints indexes nulable columns absolutely stupid anyway fuly suport geting rid cases db schema,0
directory exist localy created wonder subsequent stacksh may end screw permisions since suposed owned stack user,0
what shrug,0
hel ned copy,0
what the fuck change changing everywhere,0
ya one mans garbage another mans garbage would nicer log level stuf since shit hits fan actualy useful beter things turn,0
ya darn thought snaged,0
yea bit mesy particularly considering arm32style paired single registers think portable samenes test would something like bol isamereg regstorage reg1 regstorage reg2 registerinfo info1 getreginfo reg1 registerinfo info2 getreginfo reg2 info1 master info2 master info1 storagemask info2 storagemask 0 yuck,0
yeah suck ed fixed done,0
yes crap,0
yes gues rabit isue due fact reply queue historicaly created auto deletetrue another rabitmq reported isue past ha rabitmq cluster failover certain circumstance report queue exists failover exists reality another reason crap,0
yes doc strings unit tests suck name failing test hiden,0
yes gues understating p damn brits,0
yes unfortunately ad fragility though wrong inserting data course compiler ad would make 10 failure rate test fun fact func aparently least android build system resolved prety ad lot crap br br per comend hardcoded strings though way ensuring corect maping constants everything redundant makes harder ad tests br br test another abstraction layer top hal top api,0
people prefer reinterpret cast shouts danger crap typeunsafe c api others prefer cast weakest cast stil work 2 either tend use reinterpret cast personaly never sen anyone make mistakes cast would prevent specific circumstance,0
mean lines 60 62 exception verify fixup works ned jenkins fail se either one mesages nothing fails damn heisenbug,0
ned either make count 1 ad validator ensure count key exists keyerors ugly,0
ordering litle ugly bug test tags changeid together signedofbys maybe would noticed git hash first time loked,0
yuck cruft remove tomorow wonder warn,0
yuck use 70s gracefuly,0
empty brackets loks ugly br br please remove posible,0
exact thing dumb map,0
forgot hel time geting libcros find glibobjecth working,0
irc mordred hel think run testsh abomination anyway imagine cal projectspecific thing worse gets us bulk things oslo think worth giving tolsrun tests comonsh idea,0
honestly might even change 60min timeouts suposed totaly screwed let us abort close normal let us everywhere anyways,0
agre property python awful especialy want test methods,0
realy hate smels like hungarian notation would like something self documenting nocase startswith nocasey,0
realy hate sure oficiel openstack policy though,0
think solution braindead also like previous one as nul anyway 2 safe,0
thinking exactly taken another driver sems sily,0
would kept coments localrc generated analy retentive,0
