description,Discouragement without guide
code real mes even begin understand trying achieve,1
used many unecesary variables making code confusing ineficient,1
understand writen code way folow coding standards,1
lot duplication code eficient maintainable,1
code lacks proper documentation suposed know,1
code sems completely oftopic fit rest project,1
ignored coding conventions completely even lok like java code,1
sure tested code ful bugs,1
used coments code imposible understand logic,1
method names descriptive hard understand purpose,1
hardcoded values bad practice always consider using constants,1
code threadsafe lead unexpected behavior,1
unit tests code always necesary validate logic,1
ignored eror handling code always think potential exceptions erors,1
folowing dry nt repeat principle basic programing concept,1
code lacks proper formating indentation dificult read understand,1
used proper data structures leads ineficient solutions,1
use nested ifelse statements confusing consider using switchcase mapbased aproach,1
using outdated methods modern java features perform tasks eficiently,1
modularized code cramed together one large block hard understand maintain,1
stil data used nulterminated string stringpiece data generaly guarante terminator kep deal later,1
die die die xml would remove hideous reminder longlost sad world,1
realy like remove instead ading,1
arse change backed disruptive,1
basicaly selfmicroversion xopenstacknovapiversion headers headers xopenstacknovapiversion selfmicroversion selfail bad test setup hate much selfmicroversion xopenstacknovapiversion headers selfail oh dirty bastard,1
damn,1
done curse cargoculting,1
agre property python awful especialy want test methods,1
realy hate sure oficiel openstack policy though,1
think solution braindead also like previous one as nul anyway 2 safe,1
relate patch please remove dots suck s unreadable also module moved future everything prefer use simple code raly lokup dirs templates dir ospath dirname raly,1
ok sems ugly use mock wory mox stubs already grant think using mock ugly,1
sory horibly ugly erorprone,1
actualy terible,1
what the fuck,1
what the fuck,1
evil,1
doubt could dumb fqdn resolved context host context fix asuming host context,1
think mising point stupid enough unable convey properly,1
reason fail true sems like mangled header would check nit startswith may read cleaner,1
nit litle ugly confusing ned write len maybe store adr temp variable put statements,1
please clean fails returning,1
useles use bolean,1
one loks useles,1
setup receiver pep8,1
useles line,1
useles trailing se implementation rand name,1
worse setuptolsclif even maping place,1
ah nice encoding stuf already crap,1
previously ned put use android emu block provide solution works single server non androidemu build qemu2 know suck s sory,1
damn thought would goten rid everywhere patch incoming,1
mean header corupt screwed,1
heck done,1
style note realy ugly indentation also reason could use decorator mocks avoid nesting,1
omg alias terible,1
oh burn,1
output formating kind ugly right yeah,1
english language stuf always confused hel yep kept wordsmithing line stil like,1
caching necesary performance benefit neding service query db every time instance doubles trafic db every instance query kind suck s agre leaving caching point removing todo forget,1
caching necesary performance benefit neding service query db every time instance doubles trafic db every instance query kind suck s agre leaving caching point removing todo forget,1
cbmanagerstate change sdk suck y 43 mac se discusion bug linked cl place fine,1
names specificaly stub1 stub2 ugly,1
kind ugly think instead pas timeout register kep max timeout requested variable,1
uh yeah risk driving insane got weighters twice caler weighers everywhere duck,1
yes crap,1
ordering litle ugly bug test tags changeid together signedofbys maybe would noticed git hash first time loked,1
consider rename curent l3 agents,0
would like se lot mocks moved testsmock mock file py,0
sure mean reference eror line 20 lock file prefix lock file prefixendswith lock file name lock file prefix safe name lock file name s lock file prefix safe name lock file name safe name,0
sure mean reference eror line 20 lock file prefix lock file prefixendswith lock file name lock file prefix safe name lock file name s lock file prefix safe name lock file name safe name,0
instead wrap delimiter utilswrap delimiter used wrap delimiter cals replaced utilswrap delimiter,0
must executed,0
nit without,0
nit starting c1 could done directly declaration bol have token false,0
internal services spliting ports dumb way security stuck,0
remove vmax,0
sily initial idea,0
asignments also removed,0
flavor id selflavor id,0
config pm runtime feling ass saving 1,0
ah yes remember dam mes unfortunately task code neds conductor sems sily rpc dependency reasons,0
bash suck s suck writing bash also like empty aray run u,0
chris question intrusive understand suck s,0
could selfishly ad next patch kep precious 2 litle shame,0
crap thank fixed,0
crazy rebasing restore last values,0
damn meant forgot,0
damned damned m goten nits sugesting code bases,0
empty brackets loks ugly br br please remove posible,0
forgot hel time geting libcros find glibobjecth working,0
irc mordred hel think run testsh abomination anyway imagine cal projectspecific thing worse gets us bulk things oslo think worth giving tolsrun tests comonsh idea,0
irc mordred hel think run testsh abomination anyway imagine cal projectspecific thing worse gets us bulk things oslo think worth giving tolsrun tests comonsh idea,0
honestly might even change 60min timeouts suposed totaly screwed let us abort close normal let us everywhere anyways,0
thinking exactly taken another driver sems sily,0
remove ugly space end line please,0
liar,0
might cleaner write ocp wraps prunes downloads know lot code suck s probably cleanest way put factory put client,0
nit loks ugly like style like b f particular decompose please,0
indent 1 dumb fixed,0
cute exit failure system dependant constante 1 iow create risk regresion cute mention what the fuck factor prefixing fprintf instance,0
oh crap mised,0
ops comes stupid thing hapens thanks,0
remove tabs please spaces change makes review bitch read match existing formating,0
god point arguably minijail alow fuck things many always pas ful capabilities mask example want draft version cl delays elf linkage check fine want land unblock work ok,0
optimizer usualy able make suck threadnameasign direct,0
bit stupid git,0
query loks like select portstenant id ports tenant id portsid ports id portsname ports name portsnetwork id ports network id portsmac adres ports mac adres portsadmin state up ports admin state up portstatus ports status portsdevice id ports device id portsdevice owner ports device owner securitygrouportbindingsecurity group id securitygrouportbindings security group id ipalocations 1port id ipalocations 1 port id ipalocations 1ip adres ipalocations 1 ip adres ipalocations 1subnet id ipalocations 1 subnet id ipalocations 1network id ipalocations 1 network id alowedadrespairs 1port id alowedadrespairs 1 port id alowedadrespairs 1mac adres alowedadrespairs 1 mac adres alowedadrespairs 1ip adres alowedadrespairs 1 ip adres ml2 port bindings 1port id ml2 port bindings 1 port id ml2 port bindings 1host ml2 port bindings 1 host ml2 port bindings 1vnic type ml2 port bindings 1 vnic type ml2 port bindings 1profile ml2 port bindings 1 profile ml2 port bindings 1vif type ml2 port bindings 1 vif type ml2 port bindings 1vif details ml2 port bindings 1 vif details ml2 port bindings 1driver ml2 port bindings 1 driver ml2 port bindings 1segment ml2 port bindings 1 segment securitygrouportbindings 1port id securitygrouportbindings 1 port id securitygrouportbindings 1security group id securitygrouportbindings 1 security group id extradhcpopts 1id extradhcpopts 1 id extradhcpopts 1port id extradhcpopts 1 port id extradhcpopts 1opt name extradhcpopts 1 opt name extradhcpopts 1opt value extradhcpopts 1 opt value ml2 dvr port bindings 1port id ml2 dvr port bindings 1 port id ml2 dvr port bindings 1host ml2 dvr port bindings 1 host ml2 dvr port bindings 1router id ml2 dvr port bindings 1 router id ml2 dvr port bindings 1vif type ml2 dvr port bindings 1 vif type ml2 dvr port bindings 1vif details ml2 dvr port bindings 1 vif details ml2 dvr port bindings 1vnic type ml2 dvr port bindings 1 vnic type ml2 dvr port bindings 1profile ml2 dvr port bindings 1 profile ml2 dvr port bindings 1cap port filter ml2 dvr port bindings 1 cap port filter ml2 dvr port bindings 1driver ml2 dvr port bindings 1 driver ml2 dvr port bindings 1segment ml2 dvr port bindings 1 segment ml2 dvr port bindings 1status ml2 dvr port bindings 1 status ports left outer join securitygrouportbindings portsid securitygrouportbindingsport id left outer join ipalocations ipalocations 1 portsid ipalocations 1port id left outer join alowedadrespairs alowedadrespairs 1 portsid alowedadrespairs 1port id left outer join ml2 port bindings ml2 port bindings 1 portsid ml2 port bindings 1port id left outer join securitygrouportbindings securitygrouportbindings 1 portsid securitygrouportbindings 1port id left outer join extradhcpopts extradhcpopts 1 portsid extradhcpopts 1port id left outer join ml2 dvr port bindings ml2 dvr port bindings 1 portsid ml2 dvr port bindings 1port id portsid id 1 id 2 id 3 id 4 id 5 id 6 maybe want disable eager loading pul crap ned realy want port security groups,0
query loks like select portstenant id ports tenant id portsid ports id portsname ports name portsnetwork id ports network id portsmac adres ports mac adres portsadmin state up ports admin state up portstatus ports status portsdevice id ports device id portsdevice owner ports device owner securitygrouportbindingsecurity group id securitygrouportbindings security group id ipalocations 1port id ipalocations 1 port id ipalocations 1ip adres ipalocations 1 ip adres ipalocations 1subnet id ipalocations 1 subnet id ipalocations 1network id ipalocations 1 network id alowedadrespairs 1port id alowedadrespairs 1 port id alowedadrespairs 1mac adres alowedadrespairs 1 mac adres alowedadrespairs 1ip adres alowedadrespairs 1 ip adres ml2 port bindings 1port id ml2 port bindings 1 port id ml2 port bindings 1host ml2 port bindings 1 host ml2 port bindings 1vnic type ml2 port bindings 1 vnic type ml2 port bindings 1profile ml2 port bindings 1 profile ml2 port bindings 1vif type ml2 port bindings 1 vif type ml2 port bindings 1vif details ml2 port bindings 1 vif details ml2 port bindings 1driver ml2 port bindings 1 driver ml2 port bindings 1segment ml2 port bindings 1 segment securitygrouportbindings 1port id securitygrouportbindings 1 port id securitygrouportbindings 1security group id securitygrouportbindings 1 security group id extradhcpopts 1id extradhcpopts 1 id extradhcpopts 1port id extradhcpopts 1 port id extradhcpopts 1opt name extradhcpopts 1 opt name extradhcpopts 1opt value extradhcpopts 1 opt value ml2 dvr port bindings 1port id ml2 dvr port bindings 1 port id ml2 dvr port bindings 1host ml2 dvr port bindings 1 host ml2 dvr port bindings 1router id ml2 dvr port bindings 1 router id ml2 dvr port bindings 1vif type ml2 dvr port bindings 1 vif type ml2 dvr port bindings 1vif details ml2 dvr port bindings 1 vif details ml2 dvr port bindings 1vnic type ml2 dvr port bindings 1 vnic type ml2 dvr port bindings 1profile ml2 dvr port bindings 1 profile ml2 dvr port bindings 1cap port filter ml2 dvr port bindings 1 cap port filter ml2 dvr port bindings 1driver ml2 dvr port bindings 1 driver ml2 dvr port bindings 1segment ml2 dvr port bindings 1 segment ml2 dvr port bindings 1status ml2 dvr port bindings 1 status ports left outer join securitygrouportbindings portsid securitygrouportbindingsport id left outer join ipalocations ipalocations 1 portsid ipalocations 1port id left outer join alowedadrespairs alowedadrespairs 1 portsid alowedadrespairs 1port id left outer join ml2 port bindings ml2 port bindings 1 portsid ml2 port bindings 1port id left outer join securitygrouportbindings securitygrouportbindings 1 portsid securitygrouportbindings 1port id left outer join extradhcpopts extradhcpopts 1 portsid extradhcpopts 1port id left outer join ml2 dvr port bindings ml2 dvr port bindings 1 portsid ml2 dvr port bindings 1port id portsid id 1 id 2 id 3 id 4 id 5 id 6 maybe want disable eager loading pul crap ned realy want port security groups,0
bastard s point upercase l liberty,0
use cleanup comit finaly rid od language handling god,0
yeah make staticmethod hate docs drift sync,0
mean executing template trivial since n significant inside code snipets failed understand force textemplate emit corect spaces tried various combinations thereof shit insane gave,0
it may hapen service diea service may die,0
zhiyan thanks helping explanation overal corect sugestion makes sense improve next ps icha actualy patch related c63707 patch trying image size image transfering queued active directly user adupdate locations image tryexcept make sure iterate locations available image improve since breaking unit test cases since introducing behaviour change make sense,0
code inline refactored put main main main,0
sure leads color makes white leter readable ned something drawfalbackiconleter draw either white black depending luminosity background based w3c recomendations luminance r g b c r g b c c 250 c 03928 c c1292 c c05 105 24 l 02126 r 07152 g 072 b l l luminance r g b l 0179 use 0 use f way go already getrelativeluminance could use instead garbage,0
moving tenant headers probably kil begining,0
fix modify string format x dumy x dumy x original code use instead dumy want make sure string right formated example original one 4 4 a 4 4 a 4 4 a 4 a 4,0
beter pas value br br bol bistextcat br br bol istextcat avoid ugly misunderstod hungarian prefix,0
bol sesion adopted false,0
checking reg page count register reliable raising exception skips folowing stopdumpingtomemory cal meaning audio continues dump,0
could format line inside tuple arguments rid backslash another patch,0
done,0
done br br damn,0
fakevolume id,0
fk data sourcesid,0
hehe always right pair programing avoid stupid stuf earlier thank,0
admin snapshots clientreset snapshot status,0
confused tar proces checking exited ned kil already dead already check exit code finish subproces,0
idea local path genserevpy works local path tols worked localy cruft ned clean se fail properly,0
like real fedback wonder url lok something like v20usagesnetwork id asumption alows easier expansion forms usage blobs desired hand want triger huge debate general usage mechanism derails working smal primitive value today,0
like real fedback wonder url lok something like v20usagesnetwork id asumption alows easier expansion forms usage blobs desired hand want triger huge debate general usage mechanism derails working smal primitive value today,0
think port status notifier stil member mech driver selfport status notifier otherwise may garbage colected stop working,0
think trying establish pdata nulptr valid state going rat s hole adapt places read pdata benefit se making operator fulfil strong guarante desirable makes demand pdata nulptr state arise,0
ife malformed,0
entirely sure run test wit trybot wout mesing live system,0
wondering cleaner way much abusing jsonutils,0
inded mpu protect ram already thing comomsystemc think part useles,0
instead cloudbinstance would use cloudatabase neds docstring,0
instead pasing every mock every time could something like setup self patcher mockpatchobject someobjcet qwerty selfmock request patcherstart configure mock self responses selfmock requestreturn value fake response remember stop mocks teardown,0
instead pasing every mock every time could something like setup self patcher mockpatchobject someobjcet qwerty selfmock request patcherstart configure mock self responses selfmock requestreturn value fake response remember stop mocks teardown,0
testr args name,0
line 1797 whitespace plus four trailing whitespace instances highlighted sems causing checknicenes failure,0
logeror instead logexception logexception used traceback,0
mising signedofby mine git comit amend s ad automaticaly,0
nit istest,0
nit instead compute computing anything,0
nit newline is source touch non blocking,0
nit migth first check routine think hit 9 cases,0
nit use std make unique syncedsesionsobserver std make unique synced sesions syncedsesionsobserverbridge self browserstate,0
nit validating request body,0
please remove indention comit mesage,0
keykeypair key,0
remove white space,0
remove ws,0
maybe caled rotwrapxenapi rotwrapxendom0 wondering dom0 distinct enough nonxen know ignore file,0
asert anything already done findbyfilename,0
skrect local bounds gfx rectoskrect getlocalbounds,0
rename fields obj fields right,0
style camel myclientsecret myclientid myrefreshtoken,0
downcasts ned cast,0
exec ipmitol method atempt 3 times l101 comand fail validate method ned 3 times think ad parameter exec ipmitol method 3 exec ipmitol driver info comand atempts3 cal atempts1 validation action exec ipmitol driver info mc info atempts1,0
cast unavoidable since params mojom dito,0
kind stringbased flow manipulation ovs ofctl probably ofswitchpy,0
uriopt instead stropt,0
using trans instead blocktrans,0
uint8 t constexpr kuninit 0xf,0
unfinished docstring,0
use mock thread instance mockmagicmock isalivemockmagicmock valuefalse remove l69,0
useles braces,0
nstartrow 0 nstartrow maxrow1 entire lop would ned executed,0
test harnes using use unitest2 already instaled consistent output curious se comit tests executed thought would ask,0
whitespaces removed,0
using actual filters instead writing hand,0
would beter resync databases neutron db master want rolback change slave could comit neutron alowed change dragonflow must acept one way another,0
wrap body comit mesages 72 characters,0
yes specify proces signals actualy alow kil interact,0
leave uncomented works no thread safety analysis,0
use selfbaymodel atr getatr bymodel selfbaymodel atr none,0
leave spi tx ch on bit though spi nob gues would thought would turn flip rx actualy used packet count think could turn code end puting 0xf bus think sit read,0
deleted prepare test,0
yuck think min max would actualy query rdmin rdmax,0
aproach cover example user 404 also cover cases eg network problem glance backend store user knowcare 404 example anything another example upload image glance notfound image url failed fetch returned htp status think oh shit url working upload image uri like said agre reason contain security isue hide meant user special faulty user problem big win,0
aproach cover example user 404 also cover cases eg network problem glance backend store user knowcare 404 example anything another example upload image glance notfound image url failed fetch returned htp status think oh shit url working upload image uri like said agre reason contain security isue hide meant user special faulty user problem big win,0
aproach cover example user 404 also cover cases eg network problem glance backend store user knowcare 404 example anything another example upload image glance notfound image url failed fetch returned htp status think oh shit url working upload image uri like said agre reason contain security isue hide meant user special faulty user problem big win,0
actualy fuly hardcoded 2 files ralyscenariosralyaml ralyscenariosralyneutronyaml names hardcoded files cicd fail check exist bul shit inside something like test schema is valid self mock validate rutilsload plugins ospathjoin selfraly scenarios path plugins cfg ralyaml ralyneutronyaml ful path ospathjoin raly scenarios path cfg open ful path f,0
actualy fuly hardcoded 2 files ralyscenariosralyaml ralyscenariosralyneutronyaml names hardcoded files cicd fail check exist bul shit inside something like test schema is valid self mock validate rutilsload plugins ospathjoin selfraly scenarios path plugins cfg ralyaml ralyneutronyaml ful path ospathjoin raly scenarios path cfg open ful path f,0
agre alexander separate validators suck may easily notice work done twice,0
ah damn misread bug,0
shit beter next patch,0
also explain file compiler failing dx s smart dumb behavior,0
anal mention may used third party packages,0
reasons using decorators context managers strange stop mocks,0
going asume eror 401 anything got bitch ed amphora api proposal stil review pipeline,0
operator dumb take nulopt kerberos files handler setfiles responsefiles has krb5c responsefiles krb5c base optional std string responsefiles has krb5conf responsefiles krb5conf base optional std string one line longer les readable,0
reduce 1 sec 5 sems awful large,0
crap thought,0
crap artifact previous revision simply last time change made tuskar s cloud,0
crap suspect realy papering real bug,0
crap sory done,0
damit god done,0
damn right constexpr uint32 t kbuiltinprefix uint32 t g 16 uint32 t l 8 uint32 t uint32 t prefix reinterpret cast uint32 t namec str namesize 4 prefix 8 kbuiltinprefix,0
damn thought caught thanks,0
damn thought goten right p,0
damn forgot delete code changed review wel beter leave inconsistent tot gues,0
damn thought got,0
damn thought would removed sory,0
damn mised one thanks,0
damnit hate forget save file comit yes notes coding c file done,0
darn wished pased context technicaly speaking change introduced abc16ebf kilo perhaps tweak ad context kilo ships besides loks like internal api thoughts,0
darn right per programing works sileht programing works,0
mean fuck mips syscals bionic architectures move syscal number apropriate register make system cal directly mips actualy use syscal system cal think necesary fix mips syscals bionic nr syscal even implemented find kernel source,0
doh awful work,0
done ugly,0
done course excuse brain fart,0
would check whether size entries 1 another option coul dbe move checks caler might clumsy,0
forget say maybe sen suck behaviour realife could please provide example,0
format requires around emails know suck s,0
hm actualy lot pretier darn,0
hm god reason kep mountpoint around kind suck s also mountpoint optional nov ass tandpoint probably fail unles multiatach instance knucklehead means checks vote disalow,0
holy cow hapen tests actual wsgi server horibly broken,0
disagre instance instance partialy created user knowledge existence leave half created turds lying around however drawn atention fact eating exception,0
disagre instance instance partialy created user knowledge existence leave half created turds lying around however drawn atention fact eating exception,0
got rid ldapspecific nonsense,0
hate ass equals extended litle farther match number characters federation,0
know incredibly ass want make atomic operation think going atomic mater maybe chance someone able half value,0
ned load l3 agent test db logic behavior nonsense,0
think would nice one choice like users agre,0
think formating may goten screwed gerit made lok ugly,0
